gene,5ss,3ss,PSI,index,prob,classification
AT2G01110,1174,882,100.0,1,0.2655098825338194,SE
AT2G01110,809,539,,1,0.888645964477605,non-SE
AT2G01350,537,402,100.0,3,0.8551787278161429,SE
AT2G01350,1345,1191,,3,0.07313153087570215,non-SE
AT2G01350,1060,975,,3,0.7056511698904037,non-SE
AT2G01350,769,621,,3,0.9536146065800118,non-SE
AT2G01350,325,187,,3,0.8521430680034127,non-SE
AT2G01350,1608,1430,100.0,3,0.9314697192918333,SE
AT2G01350,1748,1679,100.0,3,0.8368036788976695,SE
AT2G01490,1843,1697,100.0,5,0.894067063409772,SE
AT2G01490,2028,1940,,5,0.9471147753268333,non-SE
AT2G01490,1133,1063,100.0,5,0.5051973279089027,SE
AT2G01490,715,653,100.0,5,0.9233681261985742,SE
AT2G01490,575,452,99.7,5,0.9901704760469611,SE
AT2G01490,1331,1211,100.0,5,0.9305678213141844,SE
AT2G01490,1601,1452,,5,0.8309098723528379,non-SE
AT2G01590,613,475,100.0,6,0.9377260060203403,SE
AT2G01620,713,475,100.0,7,0.305081955400795,SE
AT2G01690,1622,1478,100.0,9,0.988958006588015,SE
AT2G01690,1068,977,,9,0.09657032184842938,non-SE
AT2G01690,792,725,100.0,9,0.8849946656696378,SE
AT2G01690,609,494,,9,0.9659834153176667,non-SE
AT2G01690,1814,1718,,9,0.8863014698990402,non-SE
AT2G01690,2066,1978,,9,0.029035884027943104,non-SE
AT2G01690,1385,1352,,9,0.006016173756965341,non-SE
AT2G01690,2474,2381,,9,0.989483079204609,non-SE
AT2G01690,2291,2182,,9,0.9957327404502486,non-SE
AT2G01690,1273,1152,,9,0.8364340194602444,non-SE
AT2G01690,3945,3875,,9,0.9751189670550092,non-SE
AT2G01690,3797,3667,,9,0.9539382385797343,non-SE
AT2G01690,3581,3418,100.0,9,0.9753749274359018,SE
AT2G01690,3242,3120,100.0,9,0.9813262981516786,SE
AT2G01690,2642,2559,,9,0.8608705832841198,non-SE
AT2G01690,2799,2732,100.0,9,0.6972499637999906,SE
AT2G01690,4334,4045,,9,0.912579760115254,non-SE
AT2G01690,3040,2923,,9,0.9891424126230307,non-SE
AT2G03070,1696,1639,100.0,32,0.9742157611976026,SE
AT2G03070,2863,2811,100.0,32,0.8580877358235732,SE
AT2G03070,1519,1434,,32,0.9377806412606773,non-SE
AT2G03070,2056,1785,,32,0.9097077111335683,non-SE
AT2G03070,2201,2143,,32,0.7394228638871617,non-SE
AT2G03070,2725,2517,,32,0.9143064346735906,non-SE
AT2G03070,1330,1145,,32,0.4316263327972646,non-SE
AT2G03070,3024,2959,,32,0.9029142571325959,non-SE
AT2G03070,859,733,,32,0.8517397262877077,non-SE
AT2G03070,644,437,100.0,32,0.566888769178146,SE
AT2G03070,1078,952,,32,0.9785723032654569,non-SE
AT2G03800,990,925,100.0,44,0.9549128895164188,SE
AT2G03800,1659,1583,,44,0.9794237035583828,non-SE
AT2G03800,1931,1741,100.0,44,0.797414854495474,SE
AT2G03800,552,370,,44,0.3026136136405827,non-SE
AT2G03800,1493,1436,,44,0.9491913550754455,non-SE
AT2G03800,826,682,,44,0.7915781230667919,non-SE
AT2G03800,1202,1148,,44,0.6312114902060001,non-SE
AT2G03830,345,279,,47,0.6837437282960769,non-SE
AT2G03830,498,439,100.0,47,0.9877357994442209,SE
AT2G04025,413,365,100.0,48,0.01932849770049986,SE
AT2G04560,1430,1359,,55,0.8987340581591323,non-SE
AT2G04560,1778,1538,,55,0.746425367415122,non-SE
AT2G04560,2079,1851,100.0,55,0.34108165560095316,SE
AT2G04560,1267,1039,,55,0.6836705812313078,non-SE
AT2G04560,479,378,,55,0.8213584464211094,non-SE
AT2G04560,664,557,100.0,55,0.8135415791842078,SE
AT2G04700,1346,1284,,58,0.5330824982484157,non-SE
AT2G04700,455,341,,58,0.9936471669838239,non-SE
AT2G04700,673,622,100.0,58,0.6627826012844864,SE
AT2G04700,818,745,100.0,58,0.8852032288201814,SE
AT2G06010,1255,1101,100.0,70,0.8584475804655494,SE
AT2G06010,1507,1330,100.0,70,0.8758779555187687,SE
AT2G06010,1697,1586,100.0,70,0.9719784840245079,SE
AT2G06925,639,512,100.0,75,0.8237571092387188,SE
AT2G06925,418,374,100.0,75,0.35625551004265,SE
AT2G07340,308,253,99.16,79,0.07564114270560669,SE
AT2G07340,876,790,,79,0.43201616671900617,non-SE
AT2G07340,625,518,,79,,non-SE
AT2G07340,711,703,,79,0.09678817582024642,non-SE
AT2G15290,870,611,100.0,129,0.7024161165307301,SE
AT2G15290,1346,1141,100.0,129,0.9637712498313028,SE
AT2G15620,1454,1164,100.0,134,0.990271316833757,SE
AT2G15620,1084,728,,134,0.9115838430197942,non-SE
AT2G15890,561,486,99.71,138,0.9885870444227647,SE
AT2G16060,565,449,,141,0.9550473887496487,non-SE
AT2G16060,761,643,100.0,141,0.829707951028666,SE
AT2G17120,1252,1130,100.0,152,0.3238902412387782,SE
AT2G17120,1530,1356,,152,0.8875444144567272,non-SE
AT2G17250,1676,1573,,154,0.978378544840266,non-SE
AT2G17250,2614,2471,,154,0.6933696047117889,non-SE
AT2G17250,2342,2170,100.0,154,0.9163828700807742,SE
AT2G17250,640,546,,154,0.9917051384039571,non-SE
AT2G17250,791,716,100.0,154,0.9139101334630786,SE
AT2G17250,3232,3125,,154,0.9224985903446283,non-SE
AT2G17250,941,881,100.0,154,0.743128654755511,SE
AT2G17250,1076,1023,,154,0.7368114120330744,non-SE
AT2G17250,1315,1213,100.0,154,0.9312506243777214,SE
AT2G17250,1457,1394,,154,0.9041551067973788,non-SE
AT2G17250,1822,1762,100.0,154,0.7846911998206564,SE
AT2G17250,2085,1909,,154,0.7411592253419674,non-SE
AT2G17250,3038,2979,,154,0.9496914620059537,non-SE
AT2G18290,573,511,,165,0.8646549787958844,non-SE
AT2G18290,915,843,,165,0.7879748501425021,non-SE
AT2G18290,747,653,,165,0.5737162970013491,non-SE
AT2G18290,1652,1546,100.0,165,0.5737742087887067,SE
AT2G18410,750,600,100.0,168,0.05147901727050789,SE
AT2G18410,1699,1622,100.0,168,0.9111789572381906,SE
AT2G18410,499,405,,168,0.8247620944101717,non-SE
AT2G18410,883,835,,168,0.1582152305514567,non-SE
AT2G18410,1027,956,100.0,168,0.9429523215343063,SE
AT2G18410,1341,1113,,168,0.8059625064554782,non-SE
AT2G18410,1514,1417,100.0,168,,SE
AT2G18950,2131,2034,100.0,171,0.9978921019148485,SE
AT2G18950,2488,2391,,171,0.9963530342097089,non-SE
AT2G18950,1748,1657,,171,0.6576635468154658,non-SE
AT2G18950,1580,1495,,171,0.986405717021007,non-SE
AT2G18950,1405,1329,,171,0.976127859154041,non-SE
AT2G18950,1245,1160,100.0,171,0.5092074407243327,SE
AT2G18950,2686,2580,100.0,171,0.8893697293022401,SE
AT2G18950,1069,823,100.0,171,0.006314566560273365,SE
AT2G18950,2298,2225,,171,0.9971708515724208,non-SE
AT2G18950,1951,1848,,171,0.9314472911543227,non-SE
AT2G18950,620,568,97.4,171,0.0057226403115466186,SE
AT2G19080,1346,1268,100.0,173,0.9711329244482017,SE
AT2G19080,1167,831,,173,0.033893333807066654,non-SE
AT2G19080,1750,1604,,173,0.8031217164605969,non-SE
AT2G19080,1495,1433,100.0,173,0.478253941031286,SE
AT2G19430,788,741,,179,0.8108047639281262,non-SE
AT2G19430,976,914,100.0,179,0.2987809971365597,SE
AT2G19430,1118,1063,,179,0.5454207729214278,non-SE
AT2G19430,1289,1207,100.0,179,0.9433649579672013,SE
AT2G19430,661,583,100.0,179,0.8549797295953429,SE
AT2G19430,1420,1379,,179,0.05196520692139274,non-SE
AT2G19430,1793,1691,,179,0.4702297609342864,non-SE
AT2G19430,2449,2331,100.0,179,0.0866711118315784,SE
AT2G19430,2076,1964,,179,0.8605226146584796,non-SE
AT2G19450,3109,3057,100.0,180,0.6306761481102934,SE
AT2G19450,2791,2742,100.0,180,0.2217091448404485,SE
AT2G19450,2660,2596,,180,0.1656401956814605,non-SE
AT2G19450,1587,1462,,180,0.3391281674264831,non-SE
AT2G19450,1745,1666,,180,0.9801299387329486,non-SE
AT2G19450,1925,1822,,180,0.8978491799346796,non-SE
AT2G19450,1217,1140,,180,0.7602019218898743,non-SE
AT2G19450,2513,2491,100.0,180,0.05641733861966354,SE
AT2G19450,2388,2305,,180,0.07372026584343316,non-SE
AT2G19450,1039,964,100.0,180,0.8603153313532521,SE
AT2G19450,2162,2024,,180,0.8649579336509811,non-SE
AT2G19450,2977,2913,100.0,180,0.45614638427686555,SE
AT2G19450,1382,1313,98.7,180,0.33945685544096077,SE
AT2G19450,874,792,100.0,180,0.9525015640414909,SE
AT2G19560,985,847,100.0,181,0.6980746411674531,SE
AT2G19560,1881,1823,100.0,181,0.46771575971773854,SE
AT2G19560,2991,2884,100.0,181,0.835724259453852,SE
AT2G19560,1197,1102,,181,0.8193501451583104,non-SE
AT2G19560,1393,1302,,181,0.9923454854695718,non-SE
AT2G19560,2813,2737,,181,0.9293142447015356,non-SE
AT2G19560,1558,1491,,181,0.5755837346048746,non-SE
AT2G19560,1735,1644,,181,0.5634299837813308,non-SE
AT2G19560,2043,1980,100.0,181,0.9514625584235918,SE
AT2G19560,2213,2124,,181,0.9367019587002245,non-SE
AT2G19560,2403,2325,,181,0.970471008397519,non-SE
AT2G20490,829,785,100.0,194,0.3232852571150034,SE
AT2G20890,765,496,100.0,205,0.11066801495209924,SE
AT2G20890,1357,1240,100.0,205,0.7877067703535129,SE
AT2G20890,1073,855,100.0,205,0.6579010661960624,SE
AT2G20980,1568,1520,,208,0.775238471930542,non-SE
AT2G20980,2089,2024,,208,0.9442808337573305,non-SE
AT2G20980,1795,1656,,208,0.8651743662026308,non-SE
AT2G20980,1438,1403,,208,0.5903732321058679,non-SE
AT2G20980,1946,1880,100.0,208,0.9298030347475468,SE
AT2G20980,1327,1201,,208,0.8182539884489085,non-SE
AT2G20980,1122,883,,208,0.44515780430338653,non-SE
AT2G20980,801,725,100.0,208,0.9815977858140125,SE
AT2G20980,612,430,,208,0.32620862455862215,non-SE
AT2G21070,1127,702,100.0,209,0.9782192984042655,SE
AT2G21070,602,395,100.0,209,0.8430919817235137,SE
AT2G21070,1426,1217,,209,0.9557902490312332,non-SE
AT2G21070,2281,2222,,209,0.02194992833309294,non-SE
AT2G21070,1888,1740,,209,0.9764418398779772,non-SE
AT2G21070,2042,1971,,209,0.9644839011424285,non-SE
AT2G21070,1648,1539,,209,0.9823496802541177,non-SE
AT2G21150,1098,981,,211,0.9957502359474961,non-SE
AT2G21150,745,678,100.0,211,0.8717959734077333,SE
AT2G21150,2174,2041,,211,0.5303251848664493,non-SE
AT2G21150,2314,2259,100.0,211,0.9454484007793403,SE
AT2G21150,2466,2399,,211,0.8365511147646284,non-SE
AT2G21150,1637,1557,100.0,211,0.936922775451607,SE
AT2G21150,895,829,,211,0.9597946530708527,non-SE
AT2G21150,1809,1731,100.0,211,0.8600680736198321,SE
AT2G21150,1954,1891,,211,,non-SE
AT2G21150,2634,2558,,211,0.8762605786274206,non-SE
AT2G21870,1594,1482,100.0,219,0.9642170384881246,SE
AT2G21870,2000,1852,100.0,219,0.9893311047505955,SE
AT2G21870,2252,2128,,219,0.9419319506129599,non-SE
AT2G21870,1292,1146,,219,0.24642016918492932,non-SE
AT2G21870,759,664,99.36,219,0.6152226420396643,SE
AT2G22260,392,317,,225,0.4118607239981972,non-SE
AT2G22260,542,476,100.0,225,0.5821076234524982,SE
AT2G22260,823,710,,225,0.8824005140757206,non-SE
AT2G22260,1152,935,100.0,225,0.5036913550555707,SE
AT2G22260,1507,1389,100.0,225,0.5122250084330578,SE
AT2G22260,1780,1586,,225,0.8804609008813792,non-SE
AT2G22260,2081,1861,,225,0.6792451358224223,non-SE
AT2G22370,421,320,,226,0.9245442084494221,non-SE
AT2G22370,1003,645,100.0,226,0.0015461700600655124,SE
AT2G22370,569,510,,226,0.04777585571541138,non-SE
AT2G22540,2784,2741,100.0,230,0.49676159646563833,SE
AT2G22540,3297,3254,100.0,230,0.5985566760590406,SE
AT2G22540,3547,3394,,230,0.989780522530081,non-SE
AT2G22540,2504,2403,,230,0.8766019230174339,non-SE
AT2G22540,2289,2223,100.0,230,0.33281899849063157,SE
AT2G22540,1938,1858,,230,0.7269342489128228,non-SE
AT2G22540,2631,2588,100.0,230,0.9044474451105735,SE
AT2G25110,1502,1371,,251,0.700569282556753,non-SE
AT2G25110,1281,1230,100.0,251,0.8797745004252435,SE
AT2G25110,993,851,,251,0.8030821222341233,non-SE
AT2G25110,690,548,,251,0.25723616863582527,non-SE
AT2G25930,1893,1095,,263,0.08246975315042729,non-SE
AT2G25930,3125,3072,100.0,263,0.21772991510456857,SE
AT2G26170,1862,1113,,265,0.04078548540034917,non-SE
AT2G26170,2050,1953,100.0,265,0.9078753668406153,SE
AT2G26170,1040,886,,265,0.2279665857879827,non-SE
AT2G26280,669,612,100.0,268,0.21727414441716061,SE
AT2G26280,1592,776,,268,0.1404278810899639,non-SE
AT2G26280,2321,2249,100.0,268,0.9370255125610757,SE
AT2G26280,2817,2691,100.0,268,0.602792181024676,SE
AT2G26280,2112,1672,,268,0.5262762165437389,non-SE
AT2G26310,1178,942,,269,0.046161349780885444,non-SE
AT2G26310,1772,1702,,269,0.6019876951579178,non-SE
AT2G26310,874,426,100.0,269,0.20249946142384273,SE
AT2G26310,2010,1972,,269,0.7817786842579499,non-SE
AT2G26310,2174,2098,100.0,269,0.8315442884141921,SE
AT2G26310,1569,1465,,269,0.9876035063673287,non-SE
AT2G26310,1381,1304,,269,0.5295862626489445,non-SE
AT2G26310,2312,2259,,269,0.03667818827664963,non-SE
AT2G26310,2433,2387,100.0,269,0.02102295970864394,SE
AT2G26350,1014,823,,271,0.45472944904927065,non-SE
AT2G26350,403,370,100.0,271,0.41689257071237307,SE
AT2G26350,1550,1415,,271,0.6513091397545042,non-SE
AT2G26350,1327,1247,,271,0.9317258850955485,non-SE
AT2G26350,568,477,,271,0.8945648105632287,non-SE
AT2G26350,2392,2314,100.0,271,0.031038561010265354,SE
AT2G26350,1896,1800,100.0,271,0.9689306681435882,SE
AT2G26350,1178,1107,100.0,271,0.9125667157898091,SE
AT2G26350,745,649,100.0,271,0.41071730822220653,SE
AT2G26460,773,657,,272,0.6746336923977959,non-SE
AT2G26460,897,847,,272,0.8299058105273391,non-SE
AT2G26460,581,530,,272,0.9593333927519104,non-SE
AT2G26460,436,294,,272,0.6678815137541054,non-SE
AT2G26460,1706,1636,,272,0.8716317489351749,non-SE
AT2G26460,1088,997,100.0,272,0.552943643837133,SE
AT2G26460,2237,2112,100.0,272,0.09722003185245993,SE
AT2G26460,3125,2717,,272,0.43167911105944307,non-SE
AT2G26460,3652,3267,,272,0.7690856706091612,non-SE
AT2G26550,1010,927,,277,0.6161706154672035,non-SE
AT2G26550,795,570,,277,0.365488332641516,non-SE
AT2G26550,1181,1097,,277,0.028077439081781206,non-SE
AT2G26550,1685,1576,,277,0.2807653201805357,non-SE
AT2G26550,1915,1768,100.0,277,0.7173292073820743,SE
AT2G26590,4063,3984,100.0,278,0.023089316627426536,SE
AT2G26590,1803,1735,,278,,non-SE
AT2G26590,1627,1512,100.0,278,0.33319137490221074,SE
AT2G26590,1273,1212,,278,0.04156882315439707,non-SE
AT2G26590,3281,3158,,278,0.22812098018553525,non-SE
AT2G26590,3392,3367,99.54,278,0.1887078888888164,SE
AT2G26590,1021,927,,278,0.9099559700170242,non-SE
AT2G26590,3692,3596,100.0,278,0.8466193765851477,SE
AT2G26590,840,781,100.0,278,0.10661273842813941,SE
AT2G26590,2722,2642,100.0,278,0.8129730136300504,SE
AT2G26590,4188,4132,100.0,278,0.041414432555513817,SE
AT2G27100,918,816,100.0,283,0.9366081284750158,SE
AT2G27100,1223,1164,100.0,283,0.19578444592466018,SE
AT2G27100,3808,3648,100.0,283,0.9491898279925371,SE
AT2G27100,1795,1719,,283,0.8896556043024787,non-SE
AT2G27100,3541,3280,,283,0.7960969891514241,non-SE
AT2G27100,1636,1560,,283,0.45885609318101456,non-SE
AT2G27100,3037,2244,,283,0.4349707383839189,non-SE
AT2G27100,2156,2086,100.0,283,0.9373758102768732,SE
AT2G27100,3166,3116,100.0,283,0.8992947724812277,SE
AT2G27100,1937,1888,,283,0.15863812254172507,non-SE
AT2G27470,548,428,100.0,287,0.8367919539353391,SE
AT2G27840,1372,1335,,292,0.5454745348263174,non-SE
AT2G27840,1524,1464,100.0,292,0.6049297559401597,SE
AT2G27840,1120,898,,292,,non-SE
AT2G27840,807,735,,292,0.9510751918631865,non-SE
AT2G27840,1252,1231,,292,,non-SE
AT2G27840,1757,1614,100.0,292,0.9899253551160467,SE
AT2G28250,2146,1900,100.0,299,0.9778995593958024,SE
AT2G28250,1812,1556,,299,0.8783596074350509,non-SE
AT2G28250,1479,1376,,299,0.853374168073491,non-SE
AT2G28250,2517,2219,,299,0.9700360993278511,non-SE
AT2G28250,2834,2590,,299,0.6937178450125424,non-SE
AT2G28250,3157,2922,,299,0.982067466707391,non-SE
AT2G28250,1130,983,,299,0.9423937188442346,non-SE
AT2G28250,1297,1203,100.0,299,0.95686851110073,SE
AT2G29530,945,905,,308,0.5159786633195292,non-SE
AT2G29530,1141,1070,100.0,308,0.6274345720800092,SE
AT2G29530,429,375,,308,0.4477671143224522,non-SE
AT2G29530,625,552,,308,1.8508472745867802e-05,non-SE
AT2G29630,2594,1909,,309,0.6258497908730991,non-SE
AT2G29630,921,792,,309,0.8841731919392657,non-SE
AT2G29630,1829,1001,,309,0.6443312759239573,non-SE
AT2G29630,715,413,100.0,309,0.591467384206617,SE
AT2G30410,2067,1979,100.0,319,0.8360722462387348,SE
AT2G30410,1849,1689,,319,0.0865448327188289,non-SE
AT2G30410,1361,1226,,319,0.4252331843185639,non-SE
AT2G30424,526,437,100.0,320,0.9521543216341913,SE
AT2G30920,1877,1797,,328,0.7382527536893784,non-SE
AT2G30920,2536,2486,,328,0.7037597143311041,non-SE
AT2G30920,2705,2654,,328,0.407516117610185,non-SE
AT2G30920,1728,1637,100.0,328,0.9021456394366323,SE
AT2G30920,2982,2831,,328,0.9071369034382836,non-SE
AT2G30920,3175,3093,,328,0.6904117411835852,non-SE
AT2G30920,1334,1011,,328,1.1155350565704538e-05,non-SE
AT2G30920,2201,2122,,328,0.25254577490399693,non-SE
AT2G31340,1861,1794,,338,0.23627409785999545,non-SE
AT2G31340,3146,3019,,338,0.5813032032377117,non-SE
AT2G31340,2937,2856,,338,0.9437939659011223,non-SE
AT2G31340,2776,2709,,338,0.46483105696366334,non-SE
AT2G31340,1602,1540,100.0,338,0.5550971870350252,SE
AT2G31340,2590,2376,,338,0.5370729977249344,non-SE
AT2G31340,2299,2234,,338,0.5974427030186814,non-SE
AT2G31340,2134,2047,100.0,338,0.9081794677044511,SE
AT2G31340,970,340,,338,0.1398529611162579,non-SE
AT2G31340,1266,1104,,338,0.9721888850644278,non-SE
AT2G32080,1209,974,,344,0.8299432901999558,non-SE
AT2G32080,900,755,100.0,344,0.5164193422855744,SE
AT2G32080,572,523,100.0,344,0.6258744377680117,SE
AT2G32590,2400,2254,,350,0.9941923874060848,non-SE
AT2G32590,2753,2495,,350,0.7342884465338266,non-SE
AT2G32590,3261,3105,,350,0.9503040604655961,non-SE
AT2G32590,3488,3376,100.0,350,0.7910435578777224,SE
AT2G32590,1787,1585,,350,0.8243288483697051,non-SE
AT2G32590,1497,1435,,350,0.8898541024085727,non-SE
AT2G32590,1364,1298,,350,0.8977469619211204,non-SE
AT2G32590,2173,1876,,350,0.9776603377543857,non-SE
AT2G32590,2901,2869,,350,0.23560092617323633,non-SE
AT2G32590,706,603,,350,0.9536522436316324,non-SE
AT2G32590,961,842,100.0,350,0.0741435587053066,SE
AT2G32900,2927,2848,,355,0.8563399013431598,non-SE
AT2G32900,1217,1042,100.0,355,0.9658198871131304,SE
AT2G32900,3177,3017,100.0,355,0.9800917828751408,SE
AT2G32900,3388,3257,,355,,non-SE
AT2G32900,3584,3500,100.0,355,0.8211209195080739,SE
AT2G32900,936,797,,355,0.9765309329649466,non-SE
AT2G32900,2753,2623,,355,0.49313234320562793,non-SE
AT2G32900,2473,2376,100.0,355,0.907730004066433,SE
AT2G32900,2245,2151,,355,0.7180642779883201,non-SE
AT2G32900,2073,1958,,355,0.2238737569663858,non-SE
AT2G32900,1869,1637,,355,0.6248942008443361,non-SE
AT2G32900,1513,1350,100.0,355,0.8567072050872047,SE
AT2G33740,1451,1418,100.0,366,0.7015155462363069,SE
AT2G33740,481,373,99.59,366,0.9679469580780399,SE
AT2G33740,1059,995,100.0,366,0.9108300555861556,SE
AT2G33740,1862,1766,,366,0.8439141644399311,non-SE
AT2G34450,520,360,100.0,378,0.18753277559051573,SE
AT2G34450,812,750,,378,0.0032175100628880245,non-SE
AT2G34450,962,916,,378,0.5840009037079792,non-SE
AT2G34450,1362,1280,100.0,378,0.8422433315163823,SE
AT2G34470,1232,1109,100.0,380,0.9710484326499154,SE
AT2G34470,1000,797,,380,0.5609669725049271,non-SE
AT2G34470,708,646,,380,0.9156648920393669,non-SE
AT2G34470,442,237,100.0,380,0.025786062653317763,SE
AT2G34470,1429,1323,100.0,380,0.9972812376085267,SE
AT2G34640,2368,2313,100.0,384,0.9780733352443242,SE
AT2G34640,2554,2457,,384,0.9658893095876512,non-SE
AT2G34640,536,430,,384,0.9390951966856408,non-SE
AT2G34640,1537,1423,,384,0.99821378989699,non-SE
AT2G34640,1871,1610,,384,0.847223356946362,non-SE
AT2G34640,2075,1952,100.0,384,0.9946098631858928,SE
AT2G34640,2220,2150,,384,0.9868152472573365,non-SE
AT2G34640,1334,652,100.0,384,0.4278264465296615,SE
AT2G34730,2637,411,,385,0.0014261458622940558,non-SE
AT2G34730,2872,2744,100.0,385,0.810327088293527,SE
AT2G34730,3132,3029,,385,0.9054732501035205,non-SE
AT2G35035,250,183,100.0,387,0.20694562410793957,SE
AT2G35035,410,334,100.0,387,0.4076975380347638,SE
AT2G35035,921,686,,387,0.06404623921882698,non-SE
AT2G35035,1156,1072,,387,0.9747790858117314,non-SE
AT2G35035,1422,1252,,387,0.5792443521336067,non-SE
AT2G35035,553,507,,387,0.13853068725020057,non-SE
AT2G35610,2410,2273,100.0,398,0.36252862603980934,SE
AT2G35610,3127,3027,100.0,398,0.9717394939831598,SE
AT2G35610,3324,3203,,398,0.9822988315557382,non-SE
AT2G35610,2593,2497,100.0,398,0.9135419670510495,SE
AT2G35610,2174,1916,,398,0.0792889435542785,non-SE
AT2G35610,2739,2684,,398,0.932293266808441,non-SE
AT2G35610,1570,1363,,398,0.7928642553069432,non-SE
AT2G35610,1276,957,,398,0.6815881756720907,non-SE
AT2G35610,3502,3414,,398,,non-SE
AT2G35610,2941,2826,100.0,398,0.6682740953887093,SE
AT2G35610,1761,1654,,398,0.9123227393479924,non-SE
AT2G35950,803,636,100.0,406,0.6948758631227786,SE
AT2G35950,547,441,,406,0.9882368834343168,non-SE
AT2G36740,550,457,100.0,414,0.8358462536552819,SE
AT2G36740,2043,1973,,414,0.9780573375505437,non-SE
AT2G36740,1007,934,,414,0.5610114304576957,non-SE
AT2G36740,2866,2650,,414,0.6821666214304576,non-SE
AT2G36740,1153,1108,,414,0.899786603243166,non-SE
AT2G36740,1881,1760,,414,0.06763004007377653,non-SE
AT2G36740,2185,2141,,414,0.10869342468977224,non-SE
AT2G36740,1511,1236,,414,0.9532154733974233,non-SE
AT2G36740,2466,2399,100.0,414,0.3719025483255946,SE
AT2G36740,1688,1611,,414,0.9581325255780411,non-SE
AT2G36740,758,687,100.0,414,0.944333548865789,SE
AT2G36960,1069,1020,100.0,419,0.9255249411532155,SE
AT2G36960,4068,3938,,419,0.9132294747475217,non-SE
AT2G36960,774,609,100.0,419,0.7096976423664717,SE
AT2G36960,944,860,,419,0.9851488939917015,non-SE
AT2G36960,1278,1167,,419,0.9424745236644093,non-SE
AT2G36960,3861,3184,,419,0.7978561227490549,non-SE
AT2G36960,3089,2849,,419,0.9579575664246505,non-SE
AT2G36960,4577,4148,,419,1.7989797761845357e-08,non-SE
AT2G36960,2758,2602,,419,0.510643597668026,non-SE
AT2G36960,1808,1722,100.0,419,0.7744290558323262,SE
AT2G36960,2187,1906,,419,0.7240005087186202,non-SE
AT2G36960,2503,2391,,419,0.13116255989706715,non-SE
AT2G37330,649,402,100.0,426,0.9099650333631947,SE
AT2G38020,2919,2804,,437,0.9313639401095781,non-SE
AT2G38020,1364,504,,437,0.4544008365719673,non-SE
AT2G38020,1770,1478,100.0,437,0.21450938792091384,SE
AT2G38020,3753,3570,,437,0.9430637478929594,non-SE
AT2G38020,3463,3407,,437,0.84891432655866,non-SE
AT2G38020,3335,3260,100.0,437,0.9589727120167443,SE
AT2G38020,3160,3051,,437,0.9845370783756479,non-SE
AT2G38020,2160,2019,,437,0.8141682198026093,non-SE
AT2G38020,2334,2227,,437,0.07244370926550495,non-SE
AT2G38020,2508,2414,,437,0.7779971804930961,non-SE
AT2G38020,2710,2619,100.0,437,0.9172139006752862,SE
AT2G38020,4362,4263,100.0,437,0.9255700085711984,SE
AT2G38020,4148,4044,,437,0.9874776656218905,non-SE
AT2G38020,3963,3832,100.0,437,0.7956156515155752,SE
AT2G38140,389,323,100.0,438,0.2687451773671193,SE
AT2G40550,2524,2320,,478,0.9914327350420826,non-SE
AT2G40550,2231,2113,,478,0.7441512494223181,non-SE
AT2G40550,2749,2612,,478,0.7708203644026517,non-SE
AT2G40550,1032,923,100.0,478,0.9928597925404282,SE
AT2G40550,1686,1583,100.0,478,0.9184353307816956,SE
AT2G40550,1398,1355,100.0,478,0.15094516602060892,SE
AT2G40550,1252,1119,,478,0.9106143395809462,non-SE
AT2G40550,836,721,100.0,478,0.9763921669298474,SE
AT2G40550,3045,2816,,478,0.9021820504215741,non-SE
AT2G40550,2024,1786,100.0,478,,SE
AT2G40550,3223,3154,,478,0.9630631963629859,non-SE
AT2G41530,1048,999,100.0,496,0.586563674078241,SE
AT2G41530,1808,1741,100.0,496,0.9937492242974452,SE
AT2G41530,1661,1561,99.58,496,0.9241241727786638,SE
AT2G41530,1385,1187,,496,0.28406559819567756,non-SE
AT2G41530,913,794,,496,0.984885307482011,non-SE
AT2G41720,2743,2537,,500,0.9526912634328286,non-SE
AT2G41720,799,625,,500,0.992707622483679,non-SE
AT2G41720,999,892,,500,0.28822800367862844,non-SE
AT2G41720,2243,1132,,500,,non-SE
AT2G41720,2449,2342,,500,0.9756371553861787,non-SE
AT2G41720,2972,2838,,500,0.9476159407211555,non-SE
AT2G41720,3421,3299,100.0,500,0.09675617992569,SE
AT2G41720,3193,3087,100.0,500,0.8848694304547833,SE
AT2G42120,681,573,,508,0.9713602512469309,non-SE
AT2G42120,2599,2530,,508,0.9258149824313351,non-SE
AT2G42120,2440,2337,,508,0.9928541823962336,non-SE
AT2G42120,2239,2110,,508,0.9973065516267386,non-SE
AT2G42120,2010,1917,100.0,508,0.5758660187386292,SE
AT2G42120,1836,1763,,508,0.8399881112828292,non-SE
AT2G42120,1675,1605,100.0,508,0.9947822054341476,SE
AT2G42120,1508,1423,,508,0.939984569010157,non-SE
AT2G42120,385,251,,508,0.028737443953328702,non-SE
AT2G42120,1353,1236,,508,0.9269163472656377,non-SE
AT2G42120,1143,1034,,508,0.4613156512866157,non-SE
AT2G42120,887,759,,508,0.9568586974163437,non-SE
AT2G43210,1247,1178,,521,0.9566105615689371,non-SE
AT2G43210,1086,1019,,521,0.0017177254594583397,non-SE
AT2G43210,2153,1623,,521,0.4134653240878478,non-SE
AT2G43210,657,603,100.0,521,0.15844374804864692,SE
AT2G43210,391,293,,521,0.537773737143572,non-SE
AT2G43210,844,761,,521,0.1934072845322438,non-SE
AT2G43210,2584,2340,100.0,521,0.9248408814534941,SE
AT2G43210,1543,1323,100.0,521,0.4684725768945755,SE
AT2G43360,1946,1805,,523,0.8179053286698968,non-SE
AT2G43360,829,648,,523,0.7864804405939081,non-SE
AT2G43360,1152,1044,100.0,523,0.9952297626541449,SE
AT2G43360,1636,1429,,523,0.5116410239810142,non-SE
AT2G43640,514,441,98.87,526,0.3823922461438319,SE
AT2G43640,816,721,,526,0.9300900954986718,non-SE
AT2G43640,1022,911,,526,0.9367664013052968,non-SE
AT2G43650,3684,3614,100.0,527,0.11610003319193184,SE
AT2G43650,3507,3442,,527,0.9494863770831243,non-SE
AT2G43650,3352,3076,100.0,527,0.837847754753832,SE
AT2G43650,1327,1179,,527,0.9567969202085321,non-SE
AT2G43650,1036,886,,527,0.28612077081019616,non-SE
AT2G43650,2511,2447,100.0,527,0.9469162867477648,SE
AT2G43650,2349,2195,100.0,527,0.8472210099431545,SE
AT2G43650,2065,1884,,527,0.46274392877289183,non-SE
AT2G43650,1759,1670,,527,0.9033314306618211,non-SE
AT2G43650,1560,1419,,527,0.9385558666673584,non-SE
AT2G43650,588,495,100.0,527,0.9508371354473987,SE
AT2G43650,2769,2628,,527,0.7333796974938008,non-SE
AT2G43650,753,676,,527,0.9046559709019771,non-SE
AT2G43650,2984,2877,,527,0.2306865881964918,non-SE
AT2G43940,1344,1296,,531,0.950480118654098,non-SE
AT2G43940,1028,926,,531,0.9388888564722465,non-SE
AT2G43940,1214,1113,,531,0.9086917777210113,non-SE
AT2G43940,394,262,,531,0.9206787646526385,non-SE
AT2G43940,1511,1431,,531,0.9901334039561881,non-SE
AT2G43940,760,672,100.0,531,0.833558552746892,SE
AT2G43950,1387,1206,,532,0.9555842464763674,non-SE
AT2G43950,1069,981,,532,0.7759988693579034,non-SE
AT2G43950,1626,1530,,532,0.9823151307983887,non-SE
AT2G43950,1855,1733,100.0,532,0.8833360619875236,SE
AT2G44050,445,328,100.0,533,0.8240872236692195,SE
AT2G44050,677,580,,533,0.6026968854493909,non-SE
AT2G44050,849,752,,533,0.4418359463170321,non-SE
AT2G44050,1358,1310,100.0,533,0.8870543401948497,SE
AT2G44050,1516,1455,,533,0.945627760343089,non-SE
AT2G44050,1071,991,,533,0.9581485039506464,non-SE
AT2G44440,2322,2252,,536,0.6590432860106866,non-SE
AT2G44440,2483,2418,,536,,non-SE
AT2G44440,2182,1950,,536,0.5411040998866243,non-SE
AT2G44440,1676,1453,,536,0.7409256448461494,non-SE
AT2G44440,1038,927,100.0,536,,SE
AT2G44440,851,623,,536,0.13432075510750535,non-SE
AT2G44440,1379,1128,,536,0.9307743094261719,non-SE
AT2G44440,1842,1772,100.0,536,0.9638302229721185,SE
AT2G45000,3258,3169,,545,0.9128470110370187,non-SE
AT2G45000,3436,3336,,545,0.9988970719861158,non-SE
AT2G45000,2635,2556,100.0,545,0.5897033299467433,SE
AT2G45000,2183,2106,,545,0.9973002687577209,non-SE
AT2G45000,1988,1899,100.0,545,0.8535181601572289,SE
AT2G45000,2991,2886,100.0,545,0.8508487677749293,SE
AT2G45000,2389,2265,,545,0.904702810336902,non-SE
AT2G45640,879,782,100.0,554,0.6103758218892346,SE
AT2G45640,1351,1275,100.0,554,0.7344552301980235,SE
AT2G45640,541,429,100.0,554,0.2696341052206477,SE
AT2G45640,318,284,100.0,554,0.7361661428930953,SE
AT2G45690,2137,2074,100.0,555,0.798861189144885,SE
AT2G45690,1894,1825,,555,0.8922603919238854,non-SE
AT2G45690,1752,1186,,555,0.6204256773517184,non-SE
AT2G45690,593,534,,555,0.29885817997045366,non-SE
AT2G45690,1103,882,,555,0.6587053002541663,non-SE
AT2G45790,1935,1882,100.0,557,0.9957306377538181,SE
AT2G45790,1785,1694,,557,0.9635079193434146,non-SE
AT2G45790,1250,1193,,557,0.45402937392764225,non-SE
AT2G45790,1068,1031,,557,0.6810083599913309,non-SE
AT2G45790,949,871,100.0,557,0.988301740419458,SE
AT2G45790,474,406,,557,0.9273903001242093,non-SE
AT2G45790,1610,1513,100.0,557,0.9899547721119147,SE
AT2G45790,1434,1333,100.0,557,0.9986508944783901,SE
AT2G45910,1427,1321,100.0,559,0.8549726149750617,SE
AT2G45910,1904,1605,,559,0.9588485125740579,non-SE
AT2G45910,934,811,,559,0.7746354203642328,non-SE
AT2G45910,2133,1997,,559,0.9795637153235336,non-SE
AT2G45910,2865,2339,100.0,559,0.33707637747946995,SE
AT2G45910,3795,3047,,559,0.2733481764259218,non-SE
AT2G45910,720,414,,559,0.7699499772089794,non-SE
AT2G45910,1185,1062,100.0,559,0.9264730880034439,SE
AT2G46200,3342,3275,,565,0.9522417624369905,non-SE
AT2G46200,3912,3597,,565,0.6691520493674651,non-SE
AT2G46200,3034,2711,,565,0.6044849619426079,non-SE
AT2G46200,2570,2359,,565,0.13893792831068977,non-SE
AT2G46200,3515,3441,100.0,565,0.983757789162094,SE
AT2G46200,4030,3988,,565,0.6786469432442538,non-SE
AT2G46200,3204,3119,,565,0.9826841487819744,non-SE
AT2G46225,1570,1298,,567,0.012077866427382952,non-SE
AT2G46225,1025,873,100.0,567,0.9514295980669454,SE
AT2G46225,1871,1787,100.0,567,0.578776589368681,SE
AT2G46225,1691,1637,100.0,567,0.3192102353621162,SE
AT2G46225,794,710,,567,0.9733674978808304,non-SE
AT2G46225,1216,1115,100.0,567,0.9940748658846931,SE
AT2G46820,924,836,100.0,577,0.9771803604177617,SE
AT2G46820,750,627,,577,0.9908312760415706,non-SE
AT2G46820,1072,1008,100.0,577,0.8023464229274014,SE
AT2G46820,1368,1329,100.0,577,0.054128138452270005,SE
AT2G47210,4056,3983,100.0,583,0.9929687598007321,SE
AT2G47210,3525,3413,100.0,583,0.9883836747589824,SE
AT2G47210,3883,3786,,583,0.9687589965884956,non-SE
AT2G47210,3321,3143,,583,0.7643230686364677,non-SE
AT2G47210,1443,1141,,583,0.8530520035885184,non-SE
AT2G47210,4177,4139,,583,0.9719312259047795,non-SE
AT2G47210,4296,4260,,583,0.23053359318547745,non-SE
AT2G47210,2153,2095,,583,0.6240086476854962,non-SE
AT2G47210,1961,1900,,583,0.9118131327518711,non-SE
AT2G47210,2414,2283,,583,0.9412254410052042,non-SE
AT2G47210,2627,2558,,583,0.2914064720699834,non-SE
AT2G47210,3007,2958,,583,0.9753252780954617,non-SE
AT2G47210,1606,1527,100.0,583,0.9815317372868354,SE
AT2G47210,2866,2772,,583,0.9826650353984471,non-SE
AT2G47210,1804,1737,,583,0.9230900806364372,non-SE
AT2G47600,2695,2564,,584,0.9494346109324284,non-SE
AT2G47600,2478,2260,100.0,584,0.8870989028061123,SE
AT2G47600,2143,2026,,584,0.8999204292006481,non-SE
AT2G47600,1879,1705,,584,0.9913441808761219,non-SE
AT2G47600,1615,1495,,584,0.7778712089924783,non-SE
AT2G47600,1405,1228,100.0,584,0.9365954381116618,SE
AT2G47600,1143,684,,584,0.002867541837863954,non-SE
AT2G47760,1804,1714,100.0,586,0.10856582940864751,SE
AT2G47760,2502,2444,100.0,586,0.9748315528497868,SE
AT2G47760,517,481,100.0,586,0.30837811690754025,SE
AT2G47760,732,593,,586,0.8970012748484346,non-SE
AT2G47760,907,837,,586,0.5845625623883407,non-SE
AT2G47760,1242,1083,100.0,586,0.7468106741282401,SE
AT2G47760,1377,1309,100.0,586,0.7249873415894948,SE
AT2G47760,1526,1471,,586,0.4821452910938436,non-SE
AT2G47760,2016,1898,100.0,586,0.2394993581172053,SE
AT2G47760,2215,2104,,586,0.917923703585457,non-SE
AT2G47760,2366,2286,100.0,586,0.9446606395218676,SE
AT2G48070,589,377,,593,0.25159488274868586,non-SE
AT2G48070,853,670,100.0,593,0.06829025372556727,SE
AT2G48120,1297,1116,,594,0.43358868647872395,non-SE
AT2G48120,401,323,100.0,594,0.22696025374629045,SE
AT2G48120,666,470,,594,0.9572021155714128,non-SE
AT2G48120,828,740,,594,0.5998159218159741,non-SE
AT2G48120,955,903,,594,0.8252602487336113,non-SE
AT4G00026,569,549,100.0,595,0.5229020864741784,SE
AT4G00026,436,399,100.0,595,0.02646387516802862,SE
AT4G00026,787,652,100.0,595,0.6709946685424023,SE
AT4G00026,1463,1342,100.0,595,0.9282710982450686,SE
AT4G00026,1229,1179,100.0,595,0.490279307851601,SE
AT4G00026,1098,918,,595,0.03614389588023889,non-SE
AT4G00310,792,723,100.0,597,0.37400969426384345,SE
AT4G00330,1521,1136,,598,0.1041495673373641,non-SE
AT4G00330,2635,2332,,598,0.9452251746978126,non-SE
AT4G00330,2076,1900,100.0,598,0.9424365280318977,SE
AT4G00330,1829,1604,,598,0.8987059845281911,non-SE
AT4G00330,2245,2154,,598,0.9897246050221218,non-SE
AT4G01150,617,515,100.0,609,0.9397153498796743,SE
AT4G01150,813,704,,609,0.9660974146200874,non-SE
AT4G01150,975,902,,609,0.9856976076018028,non-SE
AT4G01900,1444,1373,,620,0.9277368315675064,non-SE
AT4G01900,1294,1225,,620,0.9888763845632567,non-SE
AT4G01900,1135,1046,,620,0.9863648791323856,non-SE
AT4G01900,657,628,100.0,620,0.05288023596216153,SE
AT4G01900,527,480,,620,0.0983261743579903,non-SE
AT4G01900,1600,1563,100.0,620,0.5028539583055762,SE
AT4G02620,286,211,100.0,631,0.9089506700195001,SE
AT4G02620,1024,941,,631,0.7090270967038373,non-SE
AT4G02620,1360,1276,100.0,631,0.9675999767047844,SE
AT4G02740,2654,2590,,634,0.7647061560808517,non-SE
AT4G02740,2182,2059,,634,0.8743522755302416,non-SE
AT4G02740,889,712,,634,0.7345752877759645,non-SE
AT4G02740,1173,1064,100.0,634,0.164448029707264,SE
AT4G02740,2342,2276,100.0,634,0.9432114225465323,SE
AT4G02740,2509,2435,,634,0.8870140333377883,non-SE
AT4G02740,1986,1896,100.0,634,0.4982910057206634,SE
AT4G02740,1695,1583,100.0,634,0.7981933522402138,SE
AT4G02740,2807,2744,,634,0.9028596422604247,non-SE
AT4G02740,2968,2898,100.0,634,0.871882339956014,SE
AT4G02980,1517,1451,100.0,637,0.6898988554091638,SE
AT4G02980,1056,854,,637,0.650352674036928,non-SE
AT4G02980,766,658,,637,0.7709355449479182,non-SE
AT4G03240,733,637,100.0,645,0.8925989778413732,SE
AT4G03240,539,490,,645,0.6147559148503476,non-SE
AT4G03240,394,320,,645,0.035090967527691114,non-SE
AT4G04780,840,787,100.0,660,0.8010164215729967,SE
AT4G04780,704,392,,660,0.21614213782812633,non-SE
AT4G10090,1505,1295,,692,0.6254693020795713,non-SE
AT4G10090,523,449,100.0,692,0.08990249972632279,SE
AT4G10090,1743,1595,,692,0.49935701768189505,non-SE
AT4G10180,2332,2235,,695,0.6263192170308831,non-SE
AT4G10180,2164,2001,,695,0.8902392641247566,non-SE
AT4G10180,1920,1838,,695,0.9461366002738961,non-SE
AT4G10180,1733,1675,,695,0.97283422027485,non-SE
AT4G10180,1581,1511,,695,0.11008819926468263,non-SE
AT4G10180,1214,1021,100.0,695,0.6003060994373305,SE
AT4G10180,948,284,100.0,695,0.1595616131381179,SE
AT4G10180,2504,2403,,695,0.8466327821323567,non-SE
AT4G10310,2736,2501,100.0,697,0.12010997137960608,SE
AT4G10760,3019,2801,,699,0.5598322751857243,non-SE
AT4G10760,3190,3109,100.0,699,0.8286528268280237,SE
AT4G10760,2303,2218,,699,0.9536892028878373,non-SE
AT4G10760,2726,2393,100.0,699,0.8214028989640423,SE
AT4G10760,2005,1905,100.0,699,0.4997577592737639,SE
AT4G12610,402,198,100.0,724,0.4729346316042228,SE
AT4G12610,639,485,100.0,724,0.9859148260267657,SE
AT4G12610,1323,942,,724,0.9588647600625934,non-SE
AT4G12610,1579,1459,,724,0.9895988196191996,non-SE
AT4G12610,1888,1755,100.0,724,0.47632960627262205,SE
AT4G12610,2210,1996,100.0,724,0.9144136656855767,SE
AT4G12610,2528,2302,,724,0.809848447356165,non-SE
AT4G12610,2723,2633,100.0,724,0.6738502190618947,SE
AT4G12610,867,720,,724,0.8473802324841415,non-SE
AT4G14147,1308,1279,100.0,749,0.6077573827466165,SE
AT4G14147,547,463,,749,0.8137394273766081,non-SE
AT4G14147,2293,2198,,749,0.24867884118996528,non-SE
AT4G14147,1802,1696,,749,0.2691530753754184,non-SE
AT4G14147,785,718,100.0,749,0.5919052403406797,SE
AT4G14147,1171,1117,100.0,749,0.15984424579213216,SE
AT4G14147,1481,1405,,749,0.3478341056976251,non-SE
AT4G14220,1418,1127,,753,0.9134131589830895,non-SE
AT4G14220,666,618,100.0,753,0.10077574914726933,SE
AT4G14220,838,774,,753,0.9788414643767266,non-SE
AT4G14220,1864,1755,100.0,753,0.6077596362255407,SE
AT4G14220,2241,1942,,753,0.6023457224264706,non-SE
AT4G14220,1050,937,,753,0.9213790107798664,non-SE
AT4G15802,1106,1081,100.0,773,0.5416889676599634,SE
AT4G15802,1243,1199,,773,,non-SE
AT4G15802,990,935,,773,0.6510708900601296,non-SE
AT4G17050,2697,2642,100.0,801,0.1839771813271151,SE
AT4G17050,2427,2355,,801,0.8363475102953506,non-SE
AT4G17050,1961,1878,100.0,801,0.8364061353919404,SE
AT4G17050,1074,996,,801,0.906009360924428,non-SE
AT4G17050,1787,1700,100.0,801,0.9535767008074455,SE
AT4G17050,1563,1495,100.0,801,0.524307023778103,SE
AT4G17050,1397,1356,100.0,801,0.06516912813602393,SE
AT4G17050,2266,2226,,801,0.8623267985207747,non-SE
AT4G17050,2144,2086,,801,0.8687646061240627,non-SE
AT4G17050,894,805,,801,0.8351717687937483,non-SE
AT4G17050,411,281,,801,,non-SE
AT4G17570,2849,2727,,809,0.10522852945240929,non-SE
AT4G17570,2653,2462,100.0,809,0.0938484021427268,SE
AT4G17570,2380,2275,100.0,809,0.7250574397526043,SE
AT4G17570,2162,2088,,809,0.9482519486784492,non-SE
AT4G17570,1995,1594,,809,0.9363465562513549,non-SE
AT4G17570,1515,1133,,809,0.47129249367456294,non-SE
AT4G17570,930,852,,809,0.007935867665629762,non-SE
AT4G18270,2127,1932,,816,0.5714959547438998,non-SE
AT4G18270,1725,1659,,816,0.2136503042283311,non-SE
AT4G18270,1575,1129,100.0,816,0.5584339045147269,SE
AT4G18270,832,673,,816,,non-SE
AT4G18270,558,500,,816,0.5994690564227654,non-SE
AT4G18270,2472,2262,,816,0.21906877860686969,non-SE
AT4G18470,2428,2329,,820,0.8263125539582896,non-SE
AT4G18470,1541,1396,,820,0.9188029558555758,non-SE
AT4G18470,999,933,100.0,820,0.9319300108330815,SE
AT4G18470,1689,1617,,820,0.7684495378795272,non-SE
AT4G18470,1319,1268,100.0,820,0.9369159272408986,SE
AT4G18470,1974,1907,,820,0.9814252248006867,non-SE
AT4G18470,1176,1093,,820,0.9663538632208085,non-SE
AT4G18470,850,779,,820,0.9494837515681014,non-SE
AT4G18470,2249,2089,,820,0.9539266512953054,non-SE
AT4G18470,537,442,100.0,820,0.8388833364791083,SE
AT4G18470,349,281,,820,0.9180973079675385,non-SE
AT4G18470,685,627,,820,0.986670383959486,non-SE
AT4G18470,1824,1753,100.0,820,0.9784793210345701,SE
AT4G19003,888,833,,826,0.7831970130222541,non-SE
AT4G19003,737,596,,826,0.44938549803611144,non-SE
AT4G19003,1812,1348,,826,0.006292075759452781,non-SE
AT4G19003,1111,1021,100.0,826,0.8223218511657544,SE
AT4G19003,518,442,100.0,826,0.7117791946903519,SE
AT4G19003,1258,1181,,826,0.9497394926665382,non-SE
AT4G19210,1385,1286,,833,0.990658047091496,non-SE
AT4G19210,1586,1467,100.0,833,0.9885343885877538,SE
AT4G19210,2175,1869,,833,0.12414491863879264,non-SE
AT4G19210,2737,2550,100.0,833,0.7933520958153201,SE
AT4G19210,3096,2825,,833,0.5814502388730315,non-SE
AT4G19210,3429,3182,,833,0.7967637668022136,non-SE
AT4G19210,3669,3533,100.0,833,0.8994726895117929,SE
AT4G19210,1192,1105,100.0,833,0.8565486522428738,SE
AT4G19210,886,770,99.11,833,0.8257302570352696,SE
AT4G19210,2466,2269,,833,0.4902417418296114,non-SE
AT4G19210,1765,1674,,833,0.95541060805982,non-SE
AT4G19350,545,475,100.0,834,0.3318752362963904,SE
AT4G19350,680,649,100.0,834,0.43006182640566665,SE
AT4G19350,844,810,100.0,834,0.8250570542718481,SE
AT4G19350,1403,1309,100.0,834,0.997573184247315,SE
AT4G19350,1214,1131,,834,0.6078826781095794,non-SE
AT4G19350,1004,932,,834,0.7255423572039847,non-SE
AT4G20260,1552,1463,,846,0.00014605897104632044,non-SE
AT4G20260,1376,1285,,846,0.9415942262416132,non-SE
AT4G20260,958,801,100.0,846,0.7392851135586764,SE
AT4G21190,543,443,,858,0.9635516256923624,non-SE
AT4G21190,1054,840,100.0,858,0.890707750216689,SE
AT4G21190,344,249,100.0,858,0.9533316284364288,SE
AT4G21190,758,613,100.0,858,0.9707292599921654,SE
AT4G21320,850,641,100.0,863,0.7081721825903784,SE
AT4G21320,1164,939,,863,0.21617067991633263,non-SE
AT4G21320,555,362,,863,0.7984955279328414,non-SE
AT4G22130,2634,2098,,876,0.08573932889173934,non-SE
AT4G22130,3692,3534,,876,0.9760795244546169,non-SE
AT4G22130,3433,3292,,876,0.9418145832933283,non-SE
AT4G22130,2023,1956,,876,0.8424900226037098,non-SE
AT4G22130,1878,1811,,876,0.7717691087938026,non-SE
AT4G22130,1719,1646,,876,0.9539526779952645,non-SE
AT4G22130,1571,1498,100.0,876,0.9760849207879377,SE
AT4G22130,1413,1340,,876,0.9151871347350289,non-SE
AT4G22130,3215,3078,,876,0.9907050547814089,non-SE
AT4G22130,2992,2719,100.0,876,0.408105281327668,SE
AT4G22130,1252,1185,,876,0.9706093054053461,non-SE
AT4G22130,1087,1014,100.0,876,0.8539113572603297,SE
AT4G22130,914,780,100.0,876,0.758545354344282,SE
AT4G24040,2183,2020,,899,0.9349408811785805,non-SE
AT4G24040,2529,2428,100.0,899,0.9655088553181785,SE
AT4G24040,2838,2623,,899,0.9858562973400294,non-SE
AT4G24040,2350,2261,,899,0.9935023261787419,non-SE
AT4G24040,1929,1855,,899,0.9837614219635163,non-SE
AT4G24040,1774,1663,,899,0.9835565865508856,non-SE
AT4G24040,1578,1476,,899,0.9935936710931814,non-SE
AT4G24040,1394,1277,100.0,899,0.7817020309380713,SE
AT4G24040,1187,1066,,899,0.8423486294980034,non-SE
AT4G24440,559,507,100.0,906,0.1585838498919106,SE
AT4G24440,409,260,,906,0.4669110934838475,non-SE
AT4G24470,1569,1460,100.0,908,0.2669714051845615,SE
AT4G24470,773,682,100.0,908,0.9882692157926348,SE
AT4G24470,1784,1677,,908,0.9631425832281802,non-SE
AT4G24470,1985,1900,,908,3.1021037190683935e-09,non-SE
AT4G24470,991,856,,908,0.2416460072069583,non-SE
AT4G25720,1243,1178,,927,0.06822103332371458,non-SE
AT4G25720,998,932,100.0,927,0.3730228430412032,SE
AT4G25720,1809,1710,100.0,927,0.9665035180419107,SE
AT4G25720,2178,2106,100.0,927,0.36912495458768013,SE
AT4G25720,2311,2282,100.0,927,0.06636785789503861,SE
AT4G25720,701,664,100.0,927,0.08587668390087697,SE
AT4G25720,1606,1487,,927,0.7906394137991697,non-SE
AT4G25720,532,474,,927,0.8085550156399354,non-SE
AT4G25720,2462,2406,100.0,927,0.08933680502066924,SE
AT4G26900,1111,940,,935,0.6924042442910852,non-SE
AT4G26900,1333,1217,,935,0.38163963414375485,non-SE
AT4G26900,1489,1432,,935,0.12105099996804705,non-SE
AT4G26900,1613,1573,,935,0.024896957593195296,non-SE
AT4G26900,632,536,,935,0.9797721275297113,non-SE
AT4G26900,1825,1725,,935,0.9760943199299588,non-SE
AT4G26900,2068,2004,100.0,935,0.9338119923494947,SE
AT4G26900,2238,2174,100.0,935,0.975217850646568,SE
AT4G26900,2652,2542,,935,0.5693507248987728,non-SE
AT4G26900,2806,2751,100.0,935,0.9401506588188889,SE
AT4G26900,444,360,,935,0.9912884706974049,non-SE
AT4G26900,3114,3025,,935,0.3680242696647467,non-SE
AT4G26900,3491,3452,100.0,935,0.06448029569115772,SE
AT4G26900,3672,3565,,935,0.657539479173933,non-SE
AT4G26900,828,723,,935,0.9821403218366663,non-SE
AT4G26900,2413,2329,100.0,935,0.9807648674627738,SE
AT4G26900,4041,3873,,935,0.9011493350850888,non-SE
AT4G27040,690,338,,936,0.09897243674118411,non-SE
AT4G27040,1113,785,,936,0.009574202431187888,non-SE
AT4G27040,1312,1200,,936,0.7604419400014926,non-SE
AT4G27040,1608,1471,,936,0.7790869977063641,non-SE
AT4G27040,1941,1785,,936,0.72198476373868,non-SE
AT4G27040,2148,2039,,936,0.9949478180046598,non-SE
AT4G27040,2355,2264,100.0,936,0.9159433308501856,SE
AT4G27750,1284,1209,100.0,943,0.9588164391118941,SE
AT4G27750,1018,918,,943,0.9786870990019532,non-SE
AT4G27750,676,469,,943,0.0069529142476882745,non-SE
AT4G29170,1098,980,100.0,960,0.9016456768362414,SE
AT4G29170,1730,1677,,960,0.012826962594148965,non-SE
AT4G29170,1597,1533,,960,0.9786660056435285,non-SE
AT4G29170,1453,1344,,960,0.6670929430211466,non-SE
AT4G29170,1246,1206,,960,0.7264626149596872,non-SE
AT4G29170,1916,1870,,960,0.37374880294722984,non-SE
AT4G29170,797,715,100.0,960,0.39474155716488085,SE
AT4G29170,2092,2011,,960,0.922594472714348,non-SE
AT4G30580,214,169,,976,0.44242695712735564,non-SE
AT4G30580,996,803,,976,0.6841846062024507,non-SE
AT4G30580,562,488,100.0,976,0.1306645497241016,SE
AT4G30580,1725,1622,,976,0.8661435297778574,non-SE
AT4G30580,1535,1127,,976,0.503148754724393,non-SE
AT4G30840,1804,1729,100.0,979,0.9913485609921594,SE
AT4G30840,1633,1406,,979,0.845814944093445,non-SE
AT4G30840,1048,977,,979,0.9376565172974205,non-SE
AT4G31120,4155,4066,,988,0.9741574858886103,non-SE
AT4G31120,3972,3865,,988,0.9276351243115123,non-SE
AT4G31120,2893,2838,,988,0.8508112021148053,non-SE
AT4G31120,2731,2661,100.0,988,0.135451529276158,SE
AT4G31120,874,783,100.0,988,0.29985991999576445,SE
AT4G31120,700,589,100.0,988,0.8809595311379812,SE
AT4G31120,499,380,,988,0.7884632451788542,non-SE
AT4G31120,3440,3335,,988,0.915920007545048,non-SE
AT4G31120,1074,1007,,988,0.37042577550369893,non-SE
AT4G31120,3047,2971,,988,0.9708215744184138,non-SE
AT4G31120,4343,4248,100.0,988,0.9923007619633156,SE
AT4G31120,3251,3157,100.0,988,0.6290569021538738,SE
AT4G31120,1708,1620,,988,0.9919432457859089,non-SE
AT4G31120,2465,2395,100.0,988,0.9905517267680966,SE
AT4G31120,3586,3536,100.0,988,0.45847562181331575,SE
AT4G31120,2275,2238,,988,0.06206522741805294,non-SE
AT4G31120,3750,3662,,988,0.8847937750352324,non-SE
AT4G31120,2128,2035,,988,0.06755256930374133,non-SE
AT4G31120,1885,1823,,988,0.7790170672259517,non-SE
AT4G31120,1535,1458,,988,0.9801647459540219,non-SE
AT4G31120,1367,1286,,988,0.9687158311171471,non-SE
AT4G31430,791,737,100.0,994,0.27074768451396947,SE
AT4G31430,1029,939,100.0,994,0.9783376898961107,SE
AT4G31430,2522,2331,,994,0.7184174751488159,non-SE
AT4G31430,2681,2615,100.0,994,0.9283304748377401,SE
AT4G31430,3417,3277,,994,0.22580066681731184,non-SE
AT4G31430,1470,1377,,994,0.7879382914314278,non-SE
AT4G31430,3198,3117,100.0,994,0.8431833928502147,SE
AT4G31430,3008,2928,,994,0.9965999378243771,non-SE
AT4G31430,2839,2783,100.0,994,0.6872116148167149,SE
AT4G31430,2075,1903,100.0,994,0.9220932726311207,SE
AT4G31430,1299,1191,,994,0.9862606355556861,non-SE
AT4G31720,1184,1120,100.0,997,0.8995221081506122,SE
AT4G31720,1566,1514,100.0,997,0.3016366971978535,SE
AT4G31720,1421,1368,,997,0.10676363445159312,non-SE
AT4G31720,720,654,,997,0.012023429091949804,non-SE
AT4G31720,559,446,100.0,997,0.12670243484073612,SE
AT4G31770,2159,2024,,998,0.8687528968160896,non-SE
AT4G31770,1925,1805,,998,0.9518651835718404,non-SE
AT4G31770,1720,1536,,998,0.9251596476733701,non-SE
AT4G31770,1456,1261,,998,0.8507034938440525,non-SE
AT4G31770,1096,973,,998,0.8318592324874831,non-SE
AT4G31770,894,735,100.0,998,0.9794227557751383,SE
AT4G31770,2364,2243,,998,0.9538314851382774,non-SE
AT4G32570,1275,1104,100.0,1010,0.739163234738198,SE
AT4G32570,1624,1366,,1010,0.16760644496862312,non-SE
AT4G32570,1799,1701,,1010,0.9943394344992849,non-SE
AT4G32570,2137,1910,,1010,0.8051047178478867,non-SE
AT4G32690,995,863,100.0,1012,0.9660285841481708,SE
AT4G32690,1498,1352,100.0,1012,0.9203058313590755,SE
AT4G32770,2039,1940,100.0,1014,0.9818341417291161,SE
AT4G32770,1274,1193,100.0,1014,0.49429214788450143,SE
AT4G32770,2270,2161,,1014,0.9532353092365051,non-SE
AT4G32770,984,738,,1014,0.9784352080755885,non-SE
AT4G32770,2723,2572,,1014,0.9691755104717493,non-SE
AT4G32770,2477,2359,100.0,1014,0.851327508446515,SE
AT4G32770,1792,1621,,1014,0.8828901235571879,non-SE
AT4G32770,1510,1432,,1014,0.9413222001741638,non-SE
AT4G32910,962,850,100.0,1016,0.6777599362174366,SE
AT4G32910,1132,1047,,1016,0.9944753300750306,non-SE
AT4G32910,1443,1385,,1016,0.5342657006409506,non-SE
AT4G32910,1695,1574,,1016,0.4931786977258842,non-SE
AT4G32910,1977,1775,,1016,0.8340712898935174,non-SE
AT4G32910,2187,2075,,1016,0.9678590614651317,non-SE
AT4G32910,2316,2277,,1016,0.5851178133601997,non-SE
AT4G32910,725,621,,1016,0.8775981199301179,non-SE
AT4G32910,2570,2412,,1016,0.5585735207059849,non-SE
AT4G32910,1292,1219,,1016,0.9874571069158797,non-SE
AT4G32910,2952,2894,,1016,0.44261043124384636,non-SE
AT4G32910,2783,2680,,1016,0.9148380825491913,non-SE
AT4G32910,3557,3468,,1016,0.8784660566844086,non-SE
AT4G32910,3687,3629,100.0,1016,0.2221783183916688,SE
AT4G32910,3199,3051,,1016,0.9265186561064511,non-SE
AT4G32910,3375,3303,,1016,0.8537684375745559,non-SE
AT4G32915,937,884,,1017,0.8558782978714587,non-SE
AT4G32915,553,496,,1017,0.42524801166836684,non-SE
AT4G32915,395,353,100.0,1017,0.27072359135701624,SE
AT4G32915,1118,1032,,1017,0.986543208526489,non-SE
AT4G33250,1365,1281,100.0,1022,0.5355962634374134,SE
AT4G33250,940,888,,1022,0.874989352206518,non-SE
AT4G33250,1088,1020,,1022,0.9977570643426684,non-SE
AT4G33250,659,544,100.0,1022,0.7584265107865936,SE
AT4G33250,452,394,100.0,1022,0.8287746360012037,SE
AT4G33350,701,637,,1024,0.9186219955558191,non-SE
AT4G33350,2082,2045,,1024,0.6316189767008089,non-SE
AT4G33350,1148,1072,100.0,1024,0.8131099811464012,SE
AT4G33350,1295,1243,100.0,1024,0.819597369586017,SE
AT4G33350,1472,1411,100.0,1024,0.4016471937963323,SE
AT4G33350,1640,1576,100.0,1024,0.36975593239899895,SE
AT4G33630,2422,1695,100.0,1030,0.20644423128704587,SE
AT4G33630,2626,2501,,1030,0.4547892120223841,non-SE
AT4G33630,3047,2876,,1030,0.825795494417132,non-SE
AT4G33630,3406,3330,100.0,1030,0.5928072871021108,SE
AT4G33630,3605,3511,,1030,0.9722838429001058,non-SE
AT4G33630,1036,969,,1030,0.9211718153032733,non-SE
AT4G33630,1449,1366,,1030,0.8387338233735371,non-SE
AT4G33630,1236,1128,,1030,0.7254852541390443,non-SE
AT4G33630,877,759,,1030,0.8865151567388799,non-SE
AT4G33630,3906,3709,,1030,0.030085101005134663,non-SE
AT4G34260,1784,920,,1042,0.0037980767971744676,non-SE
AT4G34260,2261,2101,,1042,0.9985972156925003,non-SE
AT4G34260,2573,2347,,1042,0.6314747103895578,non-SE
AT4G34260,2003,1869,,1042,0.7783201535678677,non-SE
AT4G34260,2891,2652,100.0,1042,0.718850148940687,SE
AT4G34260,826,679,,1042,0.8763194442164104,non-SE
AT4G34260,3179,2982,,1042,0.974131390617581,non-SE
AT4G34350,1352,1219,,1045,0.6154985400550796,non-SE
AT4G34350,1513,1437,,1045,0.7637255674453046,non-SE
AT4G34350,1688,1581,100.0,1045,0.3127111296737915,SE
AT4G34350,1877,1781,100.0,1045,0.9378825318897183,SE
AT4G34350,2151,1964,100.0,1045,0.9781712924421153,SE
AT4G34350,841,643,100.0,1045,0.2246881669780787,SE
AT4G34350,2311,2223,,1045,0.972490397632446,non-SE
AT4G34350,1119,938,100.0,1045,0.8795542791492903,SE
AT4G34460,627,531,,1047,0.8877550591551576,non-SE
AT4G34460,1897,1538,100.0,1047,0.6693118596732692,SE
AT4G34460,2100,1985,,1047,0.8226047480647528,non-SE
AT4G34460,1291,865,,1047,0.46898796021096123,non-SE
AT4G34490,2443,2298,,1048,0.44479274337792557,non-SE
AT4G34490,782,612,,1048,0.9587013547258774,non-SE
AT4G34490,1402,1106,,1048,0.10158150302240647,non-SE
AT4G34490,1646,1497,100.0,1048,0.972385263135889,SE
AT4G34490,1850,1739,,1048,0.9784115133401885,non-SE
AT4G34490,1995,1938,100.0,1048,0.9719698504895424,SE
AT4G34490,2141,2083,100.0,1048,0.8703806660569755,SE
AT4G34490,937,871,100.0,1048,0.6193524255216485,SE
AT4G34700,1486,1429,100.0,1050,0.6018795691963926,SE
AT4G34700,1662,1582,100.0,1050,0.9610848331091397,SE
AT4G34700,413,370,100.0,1050,0.5273967397142559,SE
AT4G34700,1285,1202,,1050,0.9568024267807164,non-SE
AT4G35760,516,229,100.0,1058,0.49257279259719033,SE
AT4G35760,1053,795,,1058,0.3838024306204885,non-SE
AT4G35760,1262,1148,,1058,0.5869248282151671,non-SE
AT4G35760,1560,1411,100.0,1058,0.18947583773008642,SE
AT4G35910,1535,1447,100.0,1061,0.9599538594897872,SE
AT4G35910,1355,1005,,1061,0.15169720762889122,non-SE
AT4G35910,924,604,,1061,0.17005869597228848,non-SE
AT4G35910,1932,1809,100.0,1061,0.9254757001854803,SE
AT4G35910,2112,2032,,1061,0.14983552129818395,non-SE
AT4G35910,2607,2211,100.0,1061,0.9521836457994931,SE
AT4G37130,1442,964,,1074,0.9464482561830477,non-SE
AT4G37130,874,758,,1074,0.6820281348408717,non-SE
AT4G37130,2037,1537,,1074,0.6697902831289586,non-SE
AT4G37130,2222,2180,100.0,1074,0.6586501922997042,SE
AT4G37300,717,614,100.0,1077,0.761538812500728,SE
AT4G37830,637,529,100.0,1083,0.7608880465507424,SE
AT4G38100,905,799,,1087,0.7498721415609079,non-SE
AT4G38100,1051,978,100.0,1087,0.9947319157939921,SE
AT4G38100,639,447,,1087,0.7931364161841713,non-SE
AT4G38240,1409,1345,100.0,1091,0.7625828483475164,SE
AT4G38240,2442,2347,,1091,,non-SE
AT4G38240,2041,1978,,1091,0.721125924739958,non-SE
AT4G38240,340,288,100.0,1091,0.5466965481477315,SE
AT4G38240,641,552,,1091,0.8933577679985887,non-SE
AT4G38240,844,780,,1091,0.1557557482994549,non-SE
AT4G38240,1874,1803,100.0,1091,0.5733851380192013,SE
AT4G38240,2735,2671,,1091,0.3552490630521016,non-SE
AT4G38240,2849,2809,100.0,1091,0.8227527598374391,SE
AT4G38240,1690,1620,,1091,0.009787131979917423,non-SE
AT4G38240,3119,2947,,1091,0.726649711020834,non-SE
AT4G38240,961,925,,1091,0.4410503713594833,non-SE
AT4G38240,1131,1053,,1091,0.6516900248160524,non-SE
AT4G38240,1555,1487,,1091,0.6569816505311039,non-SE
AT4G38240,1254,1207,100.0,1091,0.7525503001637038,SE
AT4G38240,2233,2141,,1091,,non-SE
AT4G38430,1804,1449,100.0,1094,0.8590984205083749,SE
AT4G38430,1338,816,,1094,0.33149969663487877,non-SE
AT4G38430,731,613,,1094,0.7258293829418282,non-SE
AT4G38630,1752,1654,100.0,1098,0.9737811407562772,SE
AT4G38630,2103,2033,100.0,1098,0.9880284765988081,SE
AT4G38630,1936,1834,,1098,0.9926142458866588,non-SE
AT4G38630,346,231,100.0,1098,0.986927001905533,SE
AT4G38630,1571,1290,,1098,0.6883636382480404,non-SE
AT4G38630,546,439,100.0,1098,0.9703713105332727,SE
AT4G38630,788,672,,1098,0.9901753470420162,non-SE
AT4G38630,1080,866,,1098,0.6983001097365786,non-SE
